Model,Mean CV ROC-AUC,Standard Deviation
XGBoost,0.7006730158096043,0.003968263005352888
Random Forest,0.6762742208884444,0.004082912144756729
Logistic Regression,0.6469484716887635,0.0035414332201409836
